tokens_est	chars	path
746202	2984808	Aescripts-iExpressions 3 v3.2.002/iExpressions3.jsx
297198	1188793	Aescripts-Motioneer v1.1.3/Motioneer.jsx
281316	1125266	Aescripts-easyRulers 2 v2.01/easyRulers.jsx
261290	1045159	Aescripts-Font Manager v2.0.1 (WIN+MAC)/FontManager.jsx
245860	983439	Aescripts-Automation Toolkit v1.0.3.7/Automation-Toolkit.jsx
158485	633940	Aescripts-ReTrack 2.0_2.0.7/retrack 2_0.7/ReTrack.jsx
158485	633940	Aescripts-ReTrack 2.0_2.0.7/retrack 2_0 [Monter Group]/ReTrack.jsx
153435	613740	Aescripts-Cloners + Effectors v1.2.6/Cloners+Effectors.jsx
126956	507822	Aescripts-3D Primitives Generator v3/3D Primitives Generator v3.jsx
122419	489676	Aescripts-Limber v1.7.1 (WIN+MAC)/Limber.jsx
119884	479535	Aescripts-Textor v1.1.6/Textor.jsx
112574	450297	Aescripts-Flex v1.0.0/flex-v1.0.0/Flex.jsx
109461	437845	Aescripts-circuitFX v1.75/circuitFX.jsx
108056	432226	Aescripts-CuttanaNir v1.1/CuttanaNir.jsx
105500	421998	Aescripts-Ray Dynamic Color 2 v2.5.10/Ray Dynamic Color.jsx
97487	389947	Aescripts-Explode Shape Layers v3.5.2/Explode Shape Layers.jsx
92410	369639	Aescripts-Easy Bounce v1.00 (WIN+MAC)/EasyBounce.jsx
91681	366724	Aescripts-Editmonkey v1.03/EditMonkey.jsx
91231	364924	Aescripts-Sliced Box 3 v3.25/Sliced Box.jsx
89611	358443	Aescripts-Tool Launcher v1.4.2/Install Files/tl_bar.jsx
89525	358100	Aescripts-Tool Launcher v1.4.2/Install Files/tl_list.jsx
88904	355616	Aescripts-Explode Shape Layers v3.5.2/Headless Buttons/ESL_Merge.jsx
88602	354408	Aescripts-Explode Shape Layers v3.5.2/Headless Buttons/ESL_Convert.jsx
87246	348986	origami_fix.jsx
87246	348982	Aescripts-Origami v1.4.0/Origami.jsx
87204	348817	Aescripts-Explode Shape Layers v3.5.2/Headless Buttons/ESL_RemoveArtboard.jsx
86763	347052	Aescripts-Ray Dynamic Texture v1.5.6/Ray Dynamic Texture.jsx
86665	346659	Aescripts-Explode Shape Layers v3.5.2/Headless Buttons/ESL_Explode.jsx
86274	345097	Aescripts-CircusMonkey v1.05/CircusMonkey.jsx
85873	343491	Aescripts-Explode Shape Layers v3.5.2/Headless Buttons/ESL_SelectStroke.jsx
85869	343475	Aescripts-Explode Shape Layers v3.5.2/Headless Buttons/ESL_SelectFill.jsx
82318	329274	Aescripts-Randomatic 2 v2.03/Randomatic 2.jsx
80625	322501	Aescripts-KEYboard v1.2.5/01-Key-board.jsx
78876	315502	Aescripts-Tool Launcher v1.4.2/Other/tl_packCreator.jsx
77682	310727	Aescripts-Joysticks 'n Sliders v1.7.4/Joysticks_n_Sliders.jsx
76886	307546	Aescripts-Infographics toolkit v1.04/Script/Infographics Toolkit.jsx
75986	303944	Aescripts-GifGun1.7.23/GifGun.jsx
70054	280215	Aescripts-Marker Remap v1.4/Marker Remap.jsx
68936	275745	Aescripts-ColorSwap 1.0/ColorSwap.jsx
68096	272383	Aescripts-MonkeyWords v1.00/MonkeyWords.jsx
67215	268860	Aescripts-Anchor Sniper v1.0/Anchor_Sniper_v1.0.jsx
65190	260762	Davey Studio-FreqReact v1.5/FreqReact v1.5.jsx
64719	258877	Aescripts-Loopy V1.0/Loopy.jsx
62674	250696	Aescripts-TypeMonkey v1.18/TypeMonkey v1.18/TypeMonkey.jsx
62502	250008	Aescripts-MazeFX v1.32/mazeFX.jsx
61798	247194	Aescripts-TextExploder 2 v2.0.004/TextExploder.jsx
59478	237911	Aescripts-AE Global Renamer v2.3.5/AE Global Renamer 2.jsx
57700	230800	Aescripts-Mask Transformer v1.0.8/Mask Transformer.jsx
57468	229870	Aescripts-AutoCircularMotion v1.0.3/AutoCircularMotion.jsx
57182	228728	Aescripts-Faux Parent 1.1/Faux Parent.jsx
55145	220581	Aescripts-Easy Arrows Script v1.5.2/Easy Arrows v1.5.2.jsx
55039	220156	Aescripts-Splash v1.03/Splash.jsx
53130	212518	Aescripts-ExpressionUniversalizer v4.0.5/ExpressionUniversalizer.jsx
52906	211623	Aescripts-Easy Clones v1.1/Easy Clones.jsx
52340	209360	Aescripts-Type Morph v2.0 (WIN+MAC)/Type Morph.jsx
51765	207059	Aescripts-Crazy Shapes 1.1.1/crazy_shapes/panel/jsx/main.jsx
51364	205454	Divers/VR Comp Editor.jsx
50645	202580	Aescripts-LoopMaster v1 0 WIN MAC/LoopMaster.jsx
45474	181896	Aescripts-AEInfoGraphics v2.0.3/AEInfoGraphics2/panel/jsx/main.jsx
44808	179230	Aescripts-Bodymovin v5.7.14/bodymovin/jsx/esprima.jsx
44808	179230	Aescripts-Bodymovin 5.9.5/bodymovin/jsx/esprima.jsx
43686	174746	Aescripts-KBar3 v3.1.1/kbar-3.1.1/all.jsx
39715	158861	Aescripts-Isomatic FX 1.6 for After Effects/IsoMatic FX.jsx
39594	158376	Aescripts-Ripple Edit v1.13 (WIN+MAC)/Ripple Edit.jsx
38677	154709	Aescripts-AW Autosaver v2.1/aw_Autosaver.jsx
38497	153987	Aescripts-Tool Launcher v1.4.2/Install Files/tl_panel.jsx
38444	153776	Aescripts-RenderHogs v1.11/djRenderHogs v1.11.jsx
38269	153075	Aescripts-Text Chain v2.0/Text Chain.jsx
37776	151103	Aescripts-BorderPatrol v1.0.3/BorderPatrol.jsx
37328	149313	Aescripts-MarkerMaestro v1.0/MarkerMaestro.jsx
36028	144113	Aescripts-Blenderae v1.0.0/BlenderAe_Import.jsx
35515	142061	Aescripts-Pro IO v2.16.2/Pro_IO_v2.16.2/com.aescripts.proio/jsx/pro_io.jsx
34976	139906	Aescripts-Trails 1.02 for After Effects/Trails.jsx
33346	133383	Aescripts-Duplicate Frame Remover v3.0/DuplicateFrameRemover.jsx
33265	133061	Aescripts-Stretch it v2.1 (WIN+MAC)/Stretch-it 2.jsx
32632	130528	Aescripts-Bodymovin v5.7.14/bodymovin/jsx/escodegen_.jsx
32632	130528	Aescripts-Bodymovin v5.7.14/bodymovin/jsx/escodegen.jsx
32632	130528	Aescripts-Bodymovin 5.9.5/bodymovin/jsx/escodegen_.jsx
32632	130528	Aescripts-Bodymovin 5.9.5/bodymovin/jsx/escodegen.jsx
32462	129848	Aescripts-Talking Head v2.0.1/Talking Head v2.0.1.jsx
32371	129485	Aescripts-Social Importer 1.0.3 for After Effects/Social Importer/panel-extendscript.jsx
30031	120123	Aescripts-Blenderae v1.0.0/BlenderAe_Help.jsx
25097	100389	Aescripts-Magic Switcher v1.4/Magic Switcher.jsx
22988	91954	Aescripts-FX StrokeSetter v1.0 (WIN+MAC)/FX_StrokeSetter.jsx
20742	82966	Aescripts-Good Parents v1.4.1/goodParents.jsx
20476	81903	Aescripts-Anchor Point Gravity v1.0.2/Anchor Point Gravity.jsx
19196	76784	Aescripts-Boxcam v2.5/Boxcam 2.5.jsx
18908	75633	Aescripts-Credits Are Due v1.0/Credits Are Due 1.0.jsx
18056	72225	Divers/RepositionAnchorPoint.jsx
17016	68063	Aescripts-True Comp Duplicator v3.9.11-3.9.13 + Sample project/True Comp Duplicator 3.9.13/True Comp Duplicator.jsx
17011	68045	Aescripts-True Comp Duplicator v3.9.11-3.9.13 + Sample project/True Comp Duplicator 3.9.12/True Comp Duplicator.jsx
15010	60041	Aescripts-Bodymovin v5.7.14/bodymovin/jsx/reports/effectsMessageTypes.jsx
15010	60041	Aescripts-Bodymovin 5.9.5/bodymovin/jsx/reports/effectsMessageTypes.jsx
12530	50120	Aescripts-True Comp Duplicator v3.9.11-3.9.13 + Sample project/True Comp Duplicator 3.9.11/True Comp Duplicator.jsx
11170	44678	Aescripts-Pro IO v2.16.2/Pro_IO_v2.16.2/com.aescripts.proio/jsx/extensions.jsx
8570	34281	Aescripts-Advanced Selection v1.5 (WIN+MAC)/Advanced Layer Selection.jsx
8556	34224	Aescripts-Bodymovin v5.7.14/bodymovin/jsx/utils/PropertyFactory.jsx
8556	34224	Aescripts-Bodymovin 5.9.5/bodymovin/jsx/utils/PropertyFactory.jsx
7685	30740	Aescripts-Pixel Bender Accelerator v1.23 for After Effects/Win/script/PBA_Launcher.jsx
7262	29050	Aescripts-Bodymovin v5.7.14/bodymovin/jsx/utils/shapeHelper.jsx
7262	29050	Aescripts-Bodymovin 5.9.5/bodymovin/jsx/utils/shapeHelper.jsx
7168	28673	Divers/Super Resize Me!.jsx
6699	26797	Aescripts-Bodymovin v5.7.14/bodymovin/jsx/utils/sourceHelper.jsx
6699	26797	Aescripts-Bodymovin 5.9.5/bodymovin/jsx/utils/sourceHelper.jsx
5911	23644	Aescripts-Bodymovin v5.7.14/bodymovin/jsx/renderManager.jsx
5911	23644	Aescripts-Bodymovin 5.9.5/bodymovin/jsx/renderManager.jsx
5445	21781	Aescripts-Bodymovin v5.7.14/bodymovin/jsx/utils/keyframeHelper.jsx
5445	21781	Aescripts-Bodymovin 5.9.5/bodymovin/jsx/utils/keyframeHelper.jsx
5168	20670	Divers/Randomizer.jsx
5151	20603	Aescripts-Cloners + Effectors v1.2.6/ClonersTextSplit.jsx
4798	19190	Aescripts-Cloners + Effectors v1.2.6/ClonersShapeSplit.jsx
4490	17962	Divers/DecomposeText.jsx
4108	16432	Aescripts-Bodymovin v5.7.14/bodymovin/jsx/utils/expressions/reservedPropertiesHelper.jsx
4108	16432	Aescripts-Bodymovin 5.9.5/bodymovin/jsx/utils/expressions/reservedPropertiesHelper.jsx
3853	15413	Aescripts-Set Parent To Structure v0.3 (WIN+MAC)/v0.3/Set Parent To Structure_V0.3.jsx
3796	15183	Aescripts-Bodymovin v5.7.14/bodymovin/jsx/importers/lottieImporter.jsx
3796	15183	Aescripts-Bodymovin 5.9.5/bodymovin/jsx/importers/lottieImporter.jsx
3589	14357	Divers/MasksToLayers.jsx
3520	14082	Divers/Create Nulls From Paths.jsx
3395	13579	Aescripts-Bodymovin v5.7.14/bodymovin/jsx/utils/expressions/variableDeclarationHelper.jsx
3395	13579	Aescripts-Bodymovin 5.9.5/bodymovin/jsx/utils/expressions/variableDeclarationHelper.jsx
3290	13162	Aescripts-Bodymovin v5.7.14/bodymovin/jsx/utils/layerStylesHelper.jsx
3290	13162	Aescripts-Bodymovin 5.9.5/bodymovin/jsx/utils/layerStylesHelper.jsx
3157	12629	Aescripts-Bodymovin v5.7.14/bodymovin/jsx/utils/effectsHelper.jsx
3157	12629	Aescripts-Bodymovin 5.9.5/bodymovin/jsx/utils/effectsHelper.jsx
3126	12505	Divers/TranslateExpressions.jsx
3062	12248	Aescripts-Bodymovin v5.7.14/bodymovin/jsx/utils/transformation-matrix.jsx
3062	12248	Aescripts-Bodymovin 5.9.5/bodymovin/jsx/utils/transformation-matrix.jsx
2907	11629	Aescripts-Bodymovin v5.7.14/bodymovin/jsx/utils/textShapeHelper.jsx
2907	11629	Aescripts-Bodymovin 5.9.5/bodymovin/jsx/utils/textShapeHelper.jsx
2905	11619	Aescripts-Bodymovin v5.7.14/bodymovin/jsx/utils/audioSourceHelper.jsx
2905	11619	Aescripts-Bodymovin 5.9.5/bodymovin/jsx/utils/audioSourceHelper.jsx
2625	10501	Aescripts-Set Parent To Structure v0.3 (WIN+MAC)/v0.5.1/Set Parent To Structure_V0.5.jsx
2600	10398	Divers/Ouroboros_1.3.jsx
2496	9985	Aescripts-Bodymovin v5.7.14/bodymovin/jsx/utils/ProjectParser.jsx
2496	9985	Aescripts-Bodymovin 5.9.5/bodymovin/jsx/utils/ProjectParser.jsx
2488	9951	Divers/Ease and Wizz.jsx
2416	9663	Aescripts-Bodymovin v5.7.14/bodymovin/jsx/utils/textHelper.jsx
2416	9663	Aescripts-Bodymovin 5.9.5/bodymovin/jsx/utils/textHelper.jsx
2392	9567	Aescripts-Bodymovin v5.7.14/bodymovin/jsx/utils/textAnimatorHelper.jsx
2392	9567	Aescripts-Bodymovin 5.9.5/bodymovin/jsx/utils/textAnimatorHelper.jsx
2331	9323	Aescripts-Bodymovin v5.7.14/bodymovin/jsx/utils/expressions/keyframeBakerHelper.jsx
2331	9323	Aescripts-Bodymovin 5.9.5/bodymovin/jsx/utils/expressions/keyframeBakerHelper.jsx
2257	9029	Aescripts-Bodymovin 5.9.5/bodymovin/jsx/elements/layerElement.jsx
2241	8963	Aescripts-Bodymovin v5.7.14/bodymovin/jsx/elements/layerElement.jsx
2100	8399	Divers/rd_MasksToShapes.jsx
2014	8056	Aescripts-Bodymovin v5.7.14/bodymovin/jsx/annotationsManager.jsx
2014	8056	Aescripts-Bodymovin 5.9.5/bodymovin/jsx/annotationsManager.jsx
1987	7947	Aescripts-Bodymovin v5.7.14/bodymovin/jsx/utils/bez.jsx
1987	7947	Aescripts-Bodymovin 5.9.5/bodymovin/jsx/utils/bez.jsx
1932	7727	Aescripts-Bodymovin 5.9.5/bodymovin/jsx/dataManager.jsx
1910	7639	Aescripts-Bodymovin v5.7.14/bodymovin/jsx/dataManager.jsx
1874	7497	Aescripts-Origami v1.4.0/(Origami_packages)/basicSlice.jsx
1848	7392	Aescripts-Bodymovin v5.7.14/bodymovin/jsx/exporters/bannerExporter.jsx
1848	7392	Aescripts-Bodymovin 5.9.5/bodymovin/jsx/exporters/bannerExporter.jsx
1834	7336	Aescripts-Add Edit Marker v1.5/Add Edit Markers.jsx
1806	7222	Aescripts-Coco Color CoWorker v1 2 0/Coco Color CoWorker v1.2.0/extendscript/index.jsx
1710	6842	Aescripts-Bodymovin v5.7.14/bodymovin/jsx/JSON.jsx
1710	6842	Aescripts-Bodymovin 5.9.5/bodymovin/jsx/JSON.jsx
1696	6784	Aescripts-Bodymovin v5.7.14/bodymovin/jsx/utils/expressions/valueAssignmentHelper.jsx
1696	6784	Aescripts-Bodymovin 5.9.5/bodymovin/jsx/utils/expressions/valueAssignmentHelper.jsx
1694	6777	Aescripts-Bodymovin v5.7.14/bodymovin/jsx/compsManager.jsx
1694	6777	Aescripts-Bodymovin 5.9.5/bodymovin/jsx/compsManager.jsx
1664	6654	Aescripts-Bodymovin v5.7.14/bodymovin/jsx/initializer.jsx
1664	6654	Aescripts-Bodymovin 5.9.5/bodymovin/jsx/initializer.jsx
1609	6435	Divers/LayerRandomShifter.jsx
1553	6213	Aescripts-Bodymovin v5.7.14/bodymovin/jsx/reports/layers/texts/textAnimatorsReport.jsx
1553	6213	Aescripts-Bodymovin 5.9.5/bodymovin/jsx/reports/layers/texts/textAnimatorsReport.jsx
1504	6014	Aescripts-Bodymovin v5.7.14/bodymovin/jsx/reports/layerReport.jsx
1504	6014	Aescripts-Bodymovin 5.9.5/bodymovin/jsx/reports/layerReport.jsx
1469	5875	Aescripts-Bodymovin v5.7.14/bodymovin/jsx/helpers/fileManager.jsx
1469	5875	Aescripts-Bodymovin 5.9.5/bodymovin/jsx/helpers/fileManager.jsx
1364	5458	Aescripts-Bodymovin v5.7.14/bodymovin/jsx/helpers/blendModes.jsx
1364	5458	Aescripts-Bodymovin 5.9.5/bodymovin/jsx/helpers/blendModes.jsx
1304	5217	Aescripts-Bodymovin v5.7.14/bodymovin/jsx/utils/generalUtils.jsx
1304	5217	Aescripts-Bodymovin 5.9.5/bodymovin/jsx/utils/generalUtils.jsx
1275	5099	Aescripts-Bodymovin v5.7.14/bodymovin/jsx/utils/dataSourceHelper.jsx
1275	5099	Aescripts-Bodymovin 5.9.5/bodymovin/jsx/utils/dataSourceHelper.jsx
1190	4759	Aescripts-Bodymovin v5.7.14/bodymovin/jsx/utils/transformHelper.jsx
1190	4759	Aescripts-Bodymovin 5.9.5/bodymovin/jsx/utils/transformHelper.jsx
1188	4750	Aescripts-Bodymovin v5.7.14/bodymovin/jsx/reports/layerReportHelper.jsx
1188	4750	Aescripts-Bodymovin 5.9.5/bodymovin/jsx/reports/layerReportHelper.jsx
1104	4418	Aescripts-Bodymovin v5.7.14/bodymovin/jsx/helpers/boundingBox.jsx
1104	4418	Aescripts-Bodymovin 5.9.5/bodymovin/jsx/helpers/boundingBox.jsx
1089	4357	Divers/Add Parented Null to Each Selected Layer.jsx
1062	4249	Aescripts-Bodymovin v5.7.14/bodymovin/jsx/projectManager.jsx
1062	4249	Aescripts-Bodymovin 5.9.5/bodymovin/jsx/projectManager.jsx
994	3976	Aescripts-Bodymovin v5.7.14/bodymovin/jsx/reports/effectsReport.jsx
994	3976	Aescripts-Bodymovin 5.9.5/bodymovin/jsx/reports/effectsReport.jsx
946	3782	Aescripts-Bodymovin v5.7.14/bodymovin/jsx/reports/layers/texts/textAnimatorSelectorReport.jsx
946	3782	Aescripts-Bodymovin 5.9.5/bodymovin/jsx/reports/layers/texts/textAnimatorSelectorReport.jsx
931	3725	Aescripts-Bodymovin v5.7.14/bodymovin/jsx/helpers/settingsHelper.jsx
931	3725	Aescripts-Bodymovin 5.9.5/bodymovin/jsx/helpers/settingsHelper.jsx
892	3568	Aescripts-Bodymovin v5.7.14/bodymovin/jsx/reports/layers/shapes/shapeReportHelper.jsx
892	3568	Aescripts-Bodymovin 5.9.5/bodymovin/jsx/reports/layers/shapes/shapeReportHelper.jsx
852	3409	Aescripts-Bodymovin v5.7.14/bodymovin/jsx/exporters/standardExporter.jsx
852	3409	Aescripts-Bodymovin 5.9.5/bodymovin/jsx/exporters/standardExporter.jsx
844	3377	Aescripts-Bodymovin v5.7.14/bodymovin/jsx/reports/layerStyles/innerGlowStyle.jsx
844	3377	Aescripts-Bodymovin 5.9.5/bodymovin/jsx/reports/layerStyles/innerGlowStyle.jsx
811	3244	Aescripts-Bodymovin v5.7.14/bodymovin/jsx/reports/layerStyles/outerGlowStyle.jsx
811	3244	Aescripts-Bodymovin 5.9.5/bodymovin/jsx/reports/layerStyles/outerGlowStyle.jsx
801	3205	Aescripts-Bodymovin v5.7.14/bodymovin/jsx/reports/masks/maskReport.jsx
801	3205	Aescripts-Bodymovin 5.9.5/bodymovin/jsx/reports/masks/maskReport.jsx
798	3190	Aescripts-Bodymovin v5.7.14/bodymovin/jsx/reports/layers/textLayerReport.jsx
798	3190	Aescripts-Bodymovin 5.9.5/bodymovin/jsx/reports/layers/textLayerReport.jsx
776	3102	Aescripts-Bodymovin v5.7.14/bodymovin/jsx/helpers/presetHelper.jsx
776	3102	Aescripts-Bodymovin 5.9.5/bodymovin/jsx/helpers/presetHelper.jsx
758	3031	Aescripts-Bodymovin v5.7.14/bodymovin/jsx/helpers/layerResolver.jsx
758	3031	Aescripts-Bodymovin 5.9.5/bodymovin/jsx/helpers/layerResolver.jsx
752	3006	Aescripts-Bodymovin v5.7.14/bodymovin/jsx/reports/layerStylesReport.jsx
752	3006	Aescripts-Bodymovin 5.9.5/bodymovin/jsx/reports/layerStylesReport.jsx
740	2960	Aescripts-Bodymovin v5.7.14/bodymovin/jsx/reports/layerStyles/dropShadowStyle.jsx
740	2960	Aescripts-Bodymovin 5.9.5/bodymovin/jsx/reports/layerStyles/dropShadowStyle.jsx
726	2906	Aescripts-Bodymovin v5.7.14/bodymovin/jsx/reports/layerCollectionReport.jsx
726	2906	Aescripts-Bodymovin 5.9.5/bodymovin/jsx/reports/layerCollectionReport.jsx
706	2822	Aescripts-Bodymovin v5.7.14/bodymovin/jsx/utils/expressionHelper.jsx
706	2822	Aescripts-Bodymovin 5.9.5/bodymovin/jsx/utils/expressionHelper.jsx
697	2787	Aescripts-Bodymovin v5.7.14/bodymovin/jsx/reports/layerStyles/innerShadowStyle.jsx
697	2787	Aescripts-Bodymovin 5.9.5/bodymovin/jsx/reports/layerStyles/innerShadowStyle.jsx
684	2738	Aescripts-Bodymovin v5.7.14/bodymovin/jsx/downloadManager.jsx
684	2738	Aescripts-Bodymovin 5.9.5/bodymovin/jsx/downloadManager.jsx
676	2705	Aescripts-Bodymovin v5.7.14/bodymovin/jsx/reports/transformReport.jsx
676	2705	Aescripts-Bodymovin 5.9.5/bodymovin/jsx/reports/transformReport.jsx
671	2685	Aescripts-Bodymovin v5.7.14/bodymovin/jsx/reports/layers/imageSequenceLayerReport.jsx
671	2685	Aescripts-Bodymovin 5.9.5/bodymovin/jsx/reports/layers/imageSequenceLayerReport.jsx
662	2648	Aescripts-Bodymovin v5.7.14/bodymovin/jsx/exporters/exporterHelpers.jsx
662	2648	Aescripts-Bodymovin 5.9.5/bodymovin/jsx/exporters/exporterHelpers.jsx
655	2621	Aescripts-Bodymovin v5.7.14/bodymovin/jsx/reports/layers/imageLayerReport.jsx
655	2621	Aescripts-Bodymovin 5.9.5/bodymovin/jsx/reports/layers/imageLayerReport.jsx
638	2551	Aescripts-Bodymovin v5.7.14/bodymovin/jsx/reports/propertyReport.jsx
638	2551	Aescripts-Bodymovin 5.9.5/bodymovin/jsx/reports/propertyReport.jsx
609	2436	Aescripts-Bodymovin v5.7.14/bodymovin/jsx/reports/layers/compositionLayerReport.jsx
609	2436	Aescripts-Bodymovin 5.9.5/bodymovin/jsx/reports/layers/compositionLayerReport.jsx
582	2327	Aescripts-Bodymovin v5.7.14/bodymovin/jsx/reports/layers/shapes/shapeGradientStrokeReport.jsx
582	2327	Aescripts-Bodymovin 5.9.5/bodymovin/jsx/reports/layers/shapes/shapeGradientStrokeReport.jsx
572	2290	Aescripts-Bodymovin v5.7.14/bodymovin/jsx/helpers/renderQueueHelper.jsx
572	2290	Aescripts-Bodymovin 5.9.5/bodymovin/jsx/helpers/renderQueueHelper.jsx
558	2230	Aescripts-Bodymovin v5.7.14/bodymovin/jsx/reports/layers/shapes/shapeStarReport.jsx
558	2230	Aescripts-Bodymovin 5.9.5/bodymovin/jsx/reports/layers/shapes/shapeStarReport.jsx
551	2204	Aescripts-Bodymovin v5.7.14/bodymovin/jsx/reports/layers/unhandledLayerReport.jsx
551	2204	Aescripts-Bodymovin 5.9.5/bodymovin/jsx/reports/layers/unhandledLayerReport.jsx
546	2186	Aescripts-Bodymovin v5.7.14/bodymovin/jsx/reports/layerStyles/strokeStyle.jsx
546	2186	Aescripts-Bodymovin 5.9.5/bodymovin/jsx/reports/layerStyles/strokeStyle.jsx
546	2182	Aescripts-Bodymovin v5.7.14/bodymovin/jsx/utils/imageSeqHelper.jsx
546	2182	Aescripts-Bodymovin 5.9.5/bodymovin/jsx/utils/imageSeqHelper.jsx
540	2160	Aescripts-Bodymovin v5.7.14/bodymovin/jsx/reports/layers/adjustmentLayerReport.jsx
540	2160	Aescripts-Bodymovin 5.9.5/bodymovin/jsx/reports/layers/adjustmentLayerReport.jsx
534	2135	Aescripts-Bodymovin v5.7.14/bodymovin/jsx/reports/layers/audioLayerReport.jsx
534	2135	Aescripts-Bodymovin 5.9.5/bodymovin/jsx/reports/layers/audioLayerReport.jsx
532	2127	Aescripts-Bodymovin v5.7.14/bodymovin/jsx/exporters/demoExporter.jsx
532	2127	Aescripts-Bodymovin 5.9.5/bodymovin/jsx/exporters/demoExporter.jsx
526	2105	Aescripts-Bodymovin v5.7.14/bodymovin/jsx/reports/layers/cameraLayerReport.jsx
526	2105	Aescripts-Bodymovin 5.9.5/bodymovin/jsx/reports/layers/cameraLayerReport.jsx
524	2097	Aescripts-Bodymovin v5.7.14/bodymovin/jsx/exporters/riveExporter.jsx
524	2097	Aescripts-Bodymovin 5.9.5/bodymovin/jsx/exporters/riveExporter.jsx
522	2087	Aescripts-Bodymovin v5.7.14/bodymovin/jsx/utils/maskHelper.jsx
522	2087	Aescripts-Bodymovin 5.9.5/bodymovin/jsx/utils/maskHelper.jsx
521	2085	Aescripts-Bodymovin v5.7.14/bodymovin/jsx/reports/layers/shapeLayerReport.jsx
521	2085	Aescripts-Bodymovin 5.9.5/bodymovin/jsx/reports/layers/shapeLayerReport.jsx
508	2033	Aescripts-TypeMonkey v1.18/TypeMonkey v1.18/(TypeMonkey_TextMods)/TM_Pig_Latinizor.jsx
507	2027	Aescripts-Bodymovin v5.7.14/bodymovin/jsx/reports/layers/shapes/shapeGradientFillReport.jsx
507	2027	Aescripts-Bodymovin 5.9.5/bodymovin/jsx/reports/layers/shapes/shapeGradientFillReport.jsx
503	2011	Aescripts-Bodymovin v5.7.14/bodymovin/jsx/utils/XMPParser.jsx
503	2011	Aescripts-Bodymovin 5.9.5/bodymovin/jsx/utils/XMPParser.jsx
494	1977	Divers/Add Parented Null to Selected Layers.jsx
492	1968	Aescripts-Bodymovin v5.7.14/bodymovin/jsx/helpers/shapeTypeResolver.jsx
492	1968	Aescripts-Bodymovin 5.9.5/bodymovin/jsx/helpers/shapeTypeResolver.jsx
486	1944	Aescripts-Bodymovin v5.7.14/bodymovin/jsx/exporters/standaloneExporter.jsx
486	1944	Aescripts-Bodymovin 5.9.5/bodymovin/jsx/exporters/standaloneExporter.jsx
481	1923	Aescripts-Bodymovin v5.7.14/bodymovin/jsx/utils/cameraHelper.jsx
481	1923	Aescripts-Bodymovin 5.9.5/bodymovin/jsx/utils/cameraHelper.jsx
478	1911	Aescripts-Bodymovin v5.7.14/bodymovin/jsx/reports/animationReport.jsx
478	1911	Aescripts-Bodymovin 5.9.5/bodymovin/jsx/reports/animationReport.jsx
454	1814	Aescripts-Bodymovin v5.7.14/bodymovin/jsx/reports/positionReport.jsx
454	1814	Aescripts-Bodymovin 5.9.5/bodymovin/jsx/reports/positionReport.jsx
448	1793	Aescripts-Bodymovin v5.7.14/bodymovin/jsx/reports/rotationReport.jsx
448	1793	Aescripts-Bodymovin 5.9.5/bodymovin/jsx/reports/rotationReport.jsx
441	1765	Aescripts-Bodymovin v5.7.14/bodymovin/jsx/reports/layers/shapes/shapeMergePathsReport.jsx
441	1765	Aescripts-Bodymovin 5.9.5/bodymovin/jsx/reports/layers/shapes/shapeMergePathsReport.jsx
417	1668	Aescripts-Bodymovin v5.7.14/bodymovin/jsx/reports/layers/lightLayerReport.jsx
417	1668	Aescripts-Bodymovin 5.9.5/bodymovin/jsx/reports/layers/lightLayerReport.jsx
415	1660	Aescripts-Bodymovin v5.7.14/bodymovin/jsx/reports/layers/shapes/shapePuckerAndBloatReport.jsx
415	1660	Aescripts-Bodymovin 5.9.5/bodymovin/jsx/reports/layers/shapes/shapePuckerAndBloatReport.jsx
410	1640	Aescripts-Bodymovin v5.7.14/bodymovin/jsx/exporters/smilExporter.jsx
410	1640	Aescripts-Bodymovin 5.9.5/bodymovin/jsx/exporters/smilExporter.jsx
406	1624	Aescripts-Bodymovin v5.7.14/bodymovin/jsx/reports/layerStyles/gradientOverlayStyle.jsx
406	1624	Aescripts-Bodymovin v5.7.14/bodymovin/jsx/exporters/avdExporter.jsx
406	1624	Aescripts-Bodymovin 5.9.5/bodymovin/jsx/reports/layerStyles/gradientOverlayStyle.jsx
406	1624	Aescripts-Bodymovin 5.9.5/bodymovin/jsx/exporters/avdExporter.jsx
404	1614	Aescripts-Bodymovin v5.7.14/bodymovin/jsx/reports/layers/failedLayerReport.jsx
404	1614	Aescripts-Bodymovin 5.9.5/bodymovin/jsx/reports/layers/failedLayerReport.jsx
400	1598	Aescripts-Bodymovin v5.7.14/bodymovin/jsx/reports/layers/solidLayerReport.jsx
400	1598	Aescripts-Bodymovin 5.9.5/bodymovin/jsx/reports/layers/solidLayerReport.jsx
399	1597	Aescripts-Bodymovin v5.7.14/bodymovin/jsx/reports/layerStyles/colorOverlayStyle.jsx
399	1597	Aescripts-Bodymovin 5.9.5/bodymovin/jsx/reports/layerStyles/colorOverlayStyle.jsx
398	1593	Aescripts-Bodymovin v5.7.14/bodymovin/jsx/reports/layerStyles/bevelEmbossStyle.jsx
398	1593	Aescripts-Bodymovin 5.9.5/bodymovin/jsx/reports/layerStyles/bevelEmbossStyle.jsx
398	1591	Aescripts-Bodymovin v5.7.14/bodymovin/jsx/reports/layers/nullLayerReport.jsx
398	1591	Aescripts-Bodymovin 5.9.5/bodymovin/jsx/reports/layers/nullLayerReport.jsx
396	1583	Aescripts-Bodymovin v5.7.14/bodymovin/jsx/reports/layers/shapes/shapeGroupReport.jsx
396	1583	Aescripts-Bodymovin 5.9.5/bodymovin/jsx/reports/layers/shapes/shapeGroupReport.jsx
384	1534	Aescripts-Bodymovin v5.7.14/bodymovin/jsx/reports/layerStyles/satinStyle.jsx
384	1534	Aescripts-Bodymovin 5.9.5/bodymovin/jsx/reports/layerStyles/satinStyle.jsx
372	1488	Aescripts-Bodymovin v5.7.14/bodymovin/jsx/reports/layers/shapes/shapeStrokeReport.jsx
372	1488	Aescripts-Bodymovin 5.9.5/bodymovin/jsx/reports/layers/shapes/shapeStrokeReport.jsx
368	1470	Aescripts-Bodymovin v5.7.14/bodymovin/jsx/reports/layers/shapes/shapeRepeaterReport.jsx
368	1470	Aescripts-Bodymovin 5.9.5/bodymovin/jsx/reports/layers/shapes/shapeRepeaterReport.jsx
367	1467	Aescripts-Bodymovin v5.7.14/bodymovin/jsx/reports/layers/shapes/shapeTrimPathsReport.jsx
367	1467	Aescripts-Bodymovin 5.9.5/bodymovin/jsx/reports/layers/shapes/shapeTrimPathsReport.jsx
365	1460	Aescripts-Bodymovin v5.7.14/bodymovin/jsx/reports/layers/shapes/shapeRectReport.jsx
365	1460	Aescripts-Bodymovin 5.9.5/bodymovin/jsx/reports/layers/shapes/shapeRectReport.jsx
358	1433	Aescripts-Bodymovin v5.7.14/bodymovin/jsx/hostscript.jsx
358	1433	Aescripts-Bodymovin 5.9.5/bodymovin/jsx/hostscript.jsx
352	1410	Aescripts-Bodymovin v5.7.14/bodymovin/jsx/reports/builderTypes.jsx
352	1410	Aescripts-Bodymovin 5.9.5/bodymovin/jsx/reports/builderTypes.jsx
339	1356	Aescripts-Bodymovin v5.7.14/bodymovin/jsx/reports/layers/shapes/shapeUnhandledReport.jsx
339	1356	Aescripts-Bodymovin 5.9.5/bodymovin/jsx/reports/layers/shapes/shapeUnhandledReport.jsx
338	1352	Aescripts-Bodymovin v5.7.14/bodymovin/jsx/reports/layers/shapes/shapeEllipseReport.jsx
338	1352	Aescripts-Bodymovin 5.9.5/bodymovin/jsx/reports/layers/shapes/shapeEllipseReport.jsx
332	1328	Aescripts-Bodymovin v5.7.14/bodymovin/jsx/reports/layers/shapes/shapeFillReport.jsx
332	1328	Aescripts-Bodymovin 5.9.5/bodymovin/jsx/reports/layers/shapes/shapeFillReport.jsx
329	1315	Aescripts-Bodymovin v5.7.14/bodymovin/jsx/reports/reportAnimatorSelectorMessageFactory.jsx
329	1315	Aescripts-Bodymovin 5.9.5/bodymovin/jsx/reports/reportAnimatorSelectorMessageFactory.jsx
328	1311	Aescripts-Bodymovin v5.7.14/bodymovin/jsx/reports/reportEffectMessageFactory.jsx
328	1311	Aescripts-Bodymovin v5.7.14/bodymovin/jsx/reports/masksReport.jsx
328	1311	Aescripts-Bodymovin 5.9.5/bodymovin/jsx/reports/reportEffectMessageFactory.jsx
328	1311	Aescripts-Bodymovin 5.9.5/bodymovin/jsx/reports/masksReport.jsx
318	1274	Aescripts-Bodymovin v5.7.14/bodymovin/jsx/reports/layers/shapes/shapeRoundCornersReport.jsx
318	1274	Aescripts-Bodymovin 5.9.5/bodymovin/jsx/reports/layers/shapes/shapeRoundCornersReport.jsx
318	1270	Aescripts-Bodymovin v5.7.14/bodymovin/jsx/reports/reportAnimatorMessageFactory.jsx
318	1270	Aescripts-Bodymovin 5.9.5/bodymovin/jsx/reports/reportAnimatorMessageFactory.jsx
310	1241	Aescripts-Bodymovin v5.7.14/bodymovin/jsx/helpers/layerStyleResolver.jsx
310	1241	Aescripts-Bodymovin 5.9.5/bodymovin/jsx/helpers/layerStyleResolver.jsx
293	1173	Aescripts-Bodymovin v5.7.14/bodymovin/jsx/reports/layers/shapes/shapeCollectionReport.jsx
293	1173	Aescripts-Bodymovin 5.9.5/bodymovin/jsx/reports/layers/shapes/shapeCollectionReport.jsx
287	1147	Aescripts-Bodymovin v5.7.14/bodymovin/jsx/reports/layers/shapes/shapeShapeReport.jsx
287	1147	Aescripts-Bodymovin 5.9.5/bodymovin/jsx/reports/layers/shapes/shapeShapeReport.jsx
282	1127	Aescripts-Bodymovin v5.7.14/bodymovin/jsx/eventManager.jsx
282	1127	Aescripts-Bodymovin 5.9.5/bodymovin/jsx/eventManager.jsx
276	1102	Divers/bake_expression.jsx
266	1062	Aescripts-Bodymovin v5.7.14/bodymovin/jsx/utils/audioHelper.jsx
266	1062	Aescripts-Bodymovin 5.9.5/bodymovin/jsx/utils/audioHelper.jsx
263	1052	Aescripts-Bodymovin v5.7.14/bodymovin/jsx/reports/messageClassReport.jsx
263	1052	Aescripts-Bodymovin 5.9.5/bodymovin/jsx/reports/messageClassReport.jsx
262	1048	Aescripts-TypeMonkey v1.18/TypeMonkey v1.18/Freebie/TM_DuplicateMarkerRemover.jsx
209	837	Aescripts-Bodymovin v5.7.14/bodymovin/jsx/helpers/maskTypeResolver.jsx
209	837	Aescripts-Bodymovin 5.9.5/bodymovin/jsx/helpers/maskTypeResolver.jsx
194	776	Aescripts-Bodymovin v5.7.14/bodymovin/jsx/reports/reportsManager.jsx
194	776	Aescripts-Bodymovin 5.9.5/bodymovin/jsx/reports/reportsManager.jsx
183	733	Aescripts-Bodymovin v5.7.14/bodymovin/jsx/helpers/renderHelper.jsx
183	733	Aescripts-Bodymovin 5.9.5/bodymovin/jsx/helpers/renderHelper.jsx
178	714	Aescripts-Bodymovin v5.7.14/bodymovin/jsx/reports/reportMessageFactory.jsx
178	714	Aescripts-Bodymovin 5.9.5/bodymovin/jsx/reports/reportMessageFactory.jsx
171	684	Aescripts-Bodymovin v5.7.14/bodymovin/jsx/utils/markerHelper.jsx
171	684	Aescripts-Bodymovin 5.9.5/bodymovin/jsx/utils/markerHelper.jsx
169	676	Aescripts-Bodymovin v5.7.14/bodymovin/jsx/utils/timeremapHelper.jsx
169	676	Aescripts-Bodymovin 5.9.5/bodymovin/jsx/utils/timeremapHelper.jsx
162	648	Aescripts-Bodymovin v5.7.14/bodymovin/jsx/reports/shapeLayerReport.jsx
162	648	Aescripts-Bodymovin 5.9.5/bodymovin/jsx/reports/shapeLayerReport.jsx
152	606	Aescripts-Pro IO v2.16.2/Pro_IO_v2.16.2/com.aescripts.proio/main.jsx
144	574	Aescripts-Bodymovin v5.7.14/bodymovin/jsx/utils/dataHelper.jsx
144	574	Aescripts-Bodymovin 5.9.5/bodymovin/jsx/utils/dataHelper.jsx
112	448	Aescripts-Bodymovin v5.7.14/bodymovin/jsx/helpers/versionHelper.jsx
112	447	Aescripts-Bodymovin 5.9.5/bodymovin/jsx/helpers/versionHelper.jsx
89	357	Aescripts-Bodymovin v5.7.14/bodymovin/jsx/enums/shapeTypes.jsx
89	357	Aescripts-Bodymovin 5.9.5/bodymovin/jsx/enums/shapeTypes.jsx
80	320	Aescripts-Bodymovin v5.7.14/bodymovin/jsx/reports/rendererTypes.jsx
80	320	Aescripts-Bodymovin 5.9.5/bodymovin/jsx/reports/rendererTypes.jsx
75	300	Aescripts-Bodymovin v5.7.14/bodymovin/jsx/enums/layerTypes.jsx
75	300	Aescripts-Bodymovin 5.9.5/bodymovin/jsx/enums/layerTypes.jsx
67	267	Aescripts-Bodymovin v5.7.14/bodymovin/jsx/reports/messageTypes.jsx
67	267	Aescripts-Bodymovin 5.9.5/bodymovin/jsx/reports/messageTypes.jsx
50	201	Aescripts-Bodymovin v5.7.14/bodymovin/jsx/enums/layerStyleTypes.jsx
50	201	Aescripts-Bodymovin 5.9.5/bodymovin/jsx/enums/layerStyleTypes.jsx
38	150	Aescripts-Bodymovin v5.7.14/bodymovin/jsx/enums/maskTypes.jsx
38	150	Aescripts-Bodymovin 5.9.5/bodymovin/jsx/enums/maskTypes.jsx
